{
  "total_runs": 1,
  "successful_runs": 1,
  "average_profit": 5249.999999999998,
  "overall_profit": 5249.999999999998
}
